{
  "meanArr": [],
  "r": 0.5,
  "p": 0.1,
  "quality": -449.8897013371732,
  "stdDeviation": 0.3068531084590376,
  "qualities": [
    -448.9017960848156,
    -448.7692363206813,
    -448.8225361926135,
    -448.83934296986416,
    -448.90488367075824,
    -448.96728348806965,
    -448.9738506094088,
    -449.117239139983,
    -448.81670162703335,
    -448.8412574941137
  ]
}
